symbol,open,high,low,close,f_date,percent_change,volume
AKPL,387.1,395.4,387,395.3,2023-03-07,1.3589743589744,37715
AKPL,395,397,390,390,2023-03-05,-1.0152284263959,32573
AKPL,397,400,393,394,2023-03-02,-0.75566750629723,46273
AKPL,404.9,404.9,395,397,2023-03-01,-0.50125313283208,32350
AKPL,395,405.8,395,399,2023-02-28,0.25125628140704,38734
AKPL,407,407,392.9,398,2023-02-27,-0.99502487562189,49443
AKPL,392,402.5,385,402,2023-02-26,0.5,82819
AKPL,403.1,409,398,400,2023-02-23,-2.557856272838,64393
AKPL,401,411,401,410.5,2023-02-22,2.3946121227239,42277
AKPL,401,407,397.5,400.9,2023-02-20,-0.5210918114144,52413
AKPL,413,413,402.2,403,2023-02-16,-2.4213075060533,47463
AKPL,404,418,401,413,2023-02-15,2.9925187032419,134419
AKPL,404,418,401,413,2023-02-15,2.99,134419
AKPL,403,408,397,401,2023-02-14,-0.49627791563275,57366
AKPL,414,415,401,403,2023-02-12,-4.5023696682464,72084
AKPL,425,425,410,422,2023-02-09,0.95693779904306,57065
AKPL,428,428,413,418,2023-02-08,-0.9478672985782,95101
AKPL,404,422.5,402.1,422,2023-02-07,5.5,115773
AKPL,400,405,397,400,2023-02-06,0,25421
AKPL,401.5,406,398,400,2023-02-05,-0.24937655860349,52635
AKPL,407,408.8,395,401,2023-02-02,-1.4742014742015,65647
AKPL,408,410,405,407,2023-02-01,-0.24509803921569,23898
AKPL,404.6,413.9,404,408,2023-01-31,-0.48780487804878,74390
AKPL,416.1,420,408,410,2023-01-30,-2.3809523809524,93110
AKPL,423,428,416.3,420,2023-01-29,-1.6393442622951,76745
AKPL,426,428.8,420,427,2023-01-26,0.70754716981132,110325
AKPL,418,430,410,424,2023-01-25,3.1630170316302,98342
AKPL,411,417,404,411,2023-01-24,-0.48426150121066,64201
AKPL,425,426.1,410,413,2023-01-23,-1.9002375296912,71364
AKPL,421,429.4,417.5,421,2023-01-19,-0.23696682464455,60671
AKPL,426,440,415,422,2023-01-18,0.2375296912114,196928
AKPL,399.9,426,399.9,421,2023-01-17,3.1862745098039,96215
AKPL,432.4,441,407,408,2023-01-12,-3.7735849056604,191415
AKPL,438,460.9,420.1,424,2023-01-10,-2.506323292711,300480
AKPL,416,439,415,434.9,2023-01-09,4.2925659472422,139025
AKPL,415,422,404,417,2023-01-08,1.4598540145985,160826
AKPL,412,421,400,411,2023-01-05,1.7326732673267,134613
AKPL,397,405,389,404,2023-01-04,3.0612244897959,89972
AKPL,396,400,387.1,392,2023-01-03,-0.75949367088608,71676
AKPL,381,397,375,395,2023-01-02,1.8041237113402,75575
AKPL,386,402,373,388,2023-01-01,2.3746701846966,117367
AKPL,360,380,360,379,2022-12-29,5.2777777777778,96450
AKPL,365,371,353,360,2022-12-28,-1.3698630136986,70940
AKPL,357.9,372,354.1,365,2022-12-27,3.6931818181818,96306
AKPL,334,352,329,352,2022-12-26,7.4809160305344,43692
AKPL,331,331,325,327.5,2022-12-22,-1.355421686747,22264
AKPL,330,332.4,330,332,2022-12-21,-0.030111412225242,7440
AKPL,337,337,328.5,332.1,2022-12-20,0.18099547511313,10236
AKPL,335.8,335.8,330,331.5,2022-12-19,-0.15060240963855,11225
AKPL,341,341,332,332,2022-12-18,-2.6392961876833,25745
AKPL,340.3,344.6,340,341,2022-12-15,-0.58309037900875,18122
AKPL,342.1,346.7,342.1,343,2022-12-14,0,15365
AKPL,345,350,343,343,2022-12-13,-2.2792022792023,19850
AKPL,342.2,351,340.3,351,2022-12-12,2.5715955581531,28871
AKPL,343.2,345.1,340,342.2,2022-12-11,-1.6101207590569,21248
AKPL,349.1,349.1,342.5,347.8,2022-12-07,0.52023121387284,16147
AKPL,350,351,345.3,346,2022-12-06,-1.1428571428571,16218
AKPL,357,358,348.1,350,2022-12-05,-1.9607843137255,25870
AKPL,355.5,360,353,357,2022-12-04,0.42194092827004,30328
AKPL,355,359,353.1,355.5,2022-12-01,-0.69832402234637,30097
AKPL,360,360,353,358,2022-11-30,0.027940765576983,17620
AKPL,352.1,359.9,350,357.9,2022-11-29,0.25210084033613,12677
AKPL,362,365.9,350,357,2022-11-28,-1.1080332409972,37033
AKPL,358,362,352.1,361,2022-11-27,2.5568181818182,29083
AKPL,350,354.9,347.2,352,2022-11-24,-0.28328611898017,20132
AKPL,355,358,348.5,353,2022-11-23,0,27597
AKPL,358,367.2,352.1,353,2022-11-22,0,42992
AKPL,354,361,351,353,2022-11-17,1.1461318051576,53334
AKPL,352,353,345,349,2022-11-16,0.60536177572788,24371
AKPL,350,357,342,346.9,2022-11-15,-0.88571428571429,24851
AKPL,343.1,353.9,343,350,2022-11-14,0.86455331412103,12106
AKPL,346.1,357,342.1,347,2022-11-13,-1.5602836879433,23718
AKPL,363,366,352,352.5,2022-11-10,-1.536312849162,32764
AKPL,368.1,371,358,358,2022-11-09,-2.9810298102981,43346
AKPL,376,376.8,368,369,2022-11-08,-1.5737530008002,22420
AKPL,380,384,373,374.9,2022-11-07,-0.82010582010583,61034
AKPL,363,382,360,378,2022-11-06,4.2097427838888,55169
AKPL,407,414,397,399,2022-11-03,-2.181907330228,85959
AKPL,405,410,393,407.9,2022-11-02,2.719717955175,84395
AKPL,382,399.7,378,397.1,2022-11-01,5.0529100529101,36958
AKPL,378,385,377,378,2022-10-31,1.0695187165775,36557
AKPL,366,376,366,374,2022-10-23,0.53763440860215,18480
AKPL,370.5,375,367,372,2022-10-20,0.26954177897574,22225
AKPL,381,381,370,371,2022-10-19,-1.9037546271814,30861
AKPL,377,385,377,378.2,2022-10-17,-0.99476439790576,16226
AKPL,388,388,378.3,382,2022-10-16,-1.7994858611825,41920
AKPL,385,392,383,389,2022-10-13,0.30685129315902,51464
AKPL,375,385.3,373,382.5,2022-10-12,1.755786113328,32624
AKPL,380,380,370.2,375.9,2022-10-11,-0.026595744680857,19429
AKPL,392,393,375,376,2022-10-10,-2.8423772609819,30506
AKPL,382,388,378.1,387,2022-10-09,2.5165562913907,37233
AKPL,377,380,375,377.5,2022-09-29,0.77415910304324,29056
AKPL,380.6,382.5,374,374.6,2022-09-28,0.37513397642015,16118
AKPL,374,385.9,370.6,373.2,2022-09-27,0.59299191374663,41674
AKPL,382,383,369.9,371,2022-09-25,-3.6363636363636,59507
AKPL,396,397,384,385,2022-09-22,-2.5316455696203,39424
AKPL,399.8,401,392.1,395,2022-09-21,0.5089058524173,25936
AKPL,406,409.3,392,393,2022-09-20,-2.6022304832714,82173
AKPL,416,419,403,403.5,2022-09-18,-3.2142000479731,52299
AKPL,415,420,405.1,416.9,2022-09-16,-0.95034449988121,62353
AKPL,440,442,420.1,420.9,2022-09-15,-4.9457994579946,113030
AKPL,426,443,426,442.8,2022-09-14,4.4339622641509,64052
AKPL,421,429,415.6,424,2022-09-13,0.7125890736342,88463
AKPL,424,427,418,421,2022-09-12,-1.8419211937515,44745
AKPL,434,438.9,427,428.9,2022-09-11,-1.1751152073733,23035
AKPL,437,440,427,434,2022-09-08,0.23094688221709,27822
AKPL,436,437,430.5,433,2022-09-07,-0.52837123822651,24179
AKPL,442,443,435,435.3,2022-09-06,-1.5158371040724,37779
AKPL,452,454,441,442,2022-09-05,-1.3613032805177,27254
AKPL,459,459,448,448.1,2022-09-04,-0.42222222222222,45296
AKPL,444,450,439,450,2022-09-02,1.5801354401806,55611
AKPL,439,447,433.1,443,2022-09-01,0.24892509617561,87080
AKPL,455,455,441,441.9,2022-08-31,-1.8654230512991,60243
AKPL,462,463,450.3,450.3,2022-08-30,-2.1086956521739,34704
AKPL,473.2,473.2,453.8,460,2022-08-29,-0.86206896551724,109191
AKPL,463,478,461,464,2022-08-28,-1.2765957446809,221324
AKPL,475,478,467.1,470,2022-08-26,0,100563
AKPL,490,492.6,470,470,2022-08-25,-2.6915113871636,150997
AKPL,459.9,485,459,483,2022-08-24,5.2516888210939,353606
AKPL,457,459,450,458.9,2022-08-23,1.079295154185,53955
AKPL,455.1,457,446.1,454,2022-08-22,-0.21978021978022,54214
AKPL,465,465,453,455,2022-08-21,-0.65502183406114,69966
AKPL,448,469,448,458,2022-08-18,2.4608501118568,120670
AKPL,451.9,455,442.9,447,2022-08-17,0.88016249153689,51450
AKPL,462.9,467,443.1,443.1,2022-08-16,-2.3793787177792,88768
AKPL,430,453.9,430,453.9,2022-08-15,5.5581395348837,90311
AKPL,436.5,444,428.2,430,2022-08-14,-1.8488929468158,53811
AKPL,450,453.9,438,438.1,2022-08-11,-1.5505617977528,76863
AKPL,455,459,443,445,2022-08-10,-1.1111111111111,74541
AKPL,468,468.9,447.9,450,2022-08-09,-4.0511727078891,125829
AKPL,479,483,468,469,2022-08-08,-1.2631578947368,80033
AKPL,472.1,484,471,475,2022-08-07,0,81241
AKPL,480,487.9,471,475,2022-08-05,-1.0416666666667,117525
AKPL,500,500,480,480,2022-08-04,-2.8143348856044,125385
AKPL,493.5,504,493,493.9,2022-08-03,0.36577931314772,131928
AKPL,495,497,487.1,492.1,2022-08-02,0.42857142857143,82590
AKPL,499,506,487,490,2022-08-01,-0.30518819938962,144073
AKPL,500,503,488,491.5,2022-07-31,-0.70707070707071,142444
AKPL,500,503,492,495,2022-07-29,-1,82852
AKPL,513,519,488,500,2022-07-28,-2.3055881203595,354977
AKPL,487,513.9,485,511.8,2022-07-27,3.4148312790463,246815
AKPL,505,510,488,494.9,2022-07-26,-1.02,310713
AKPL,470,507,466.1,500,2022-07-25,6.4056182166418,299727
AKPL,457,469.9,447.9,469.9,2022-07-24,4.7714604236343,134209
AKPL,457,461,446,448.5,2022-07-22,-1.8599562363239,75883
AKPL,470,470,456,457,2022-07-21,-1.931330472103,58750
AKPL,470,474,461,466,2022-07-20,-0.42735042735043,90609
AKPL,464.9,474.9,461,468,2022-07-19,1.2767799177667,126852
AKPL,464.9,466,456.3,462.1,2022-07-18,-0.62365591397849,41399
AKPL,463,469,450.1,465,2022-07-17,1.3071895424837,100519
AKPL,468,468,450,459,2022-07-15,-0.52015604681404,94823
AKPL,474,477.9,454.2,461.4,2022-07-14,-1.8088955096829,114589
AKPL,455,471,450,469.9,2022-07-13,3.9601769911504,139532
AKPL,434,453.9,425,452,2022-07-12,5.8548009367682,179993
AKPL,445,445,427,427,2022-07-11,-5.7395143487859,137285
AKPL,478.3,478.3,452,453,2022-07-08,-3.4115138592751,82569
AKPL,487.5,490,466.5,469,2022-07-07,-1.8828451882845,132435
AKPL,487.5,487.5,465.1,478,2022-07-06,0,132933
AKPL,464,484.5,452,478,2022-07-05,3.2397408207343,249824
AKPL,468,484,453.1,463,2022-07-04,0.89344083678362,250633
AKPL,439,467,431,458.9,2022-07-03,4.5330296127563,133229
AKPL,456,456,437.3,439,2022-07-01,-2.0089285714286,56615
AKPL,436,452.8,425,448,2022-06-30,4.4289044289044,131489
AKPL,410,432.9,400,429,2022-06-29,5.8475203552924,94326
AKPL,410,416,403,405.3,2022-06-28,-1.864406779661,35787
AKPL,431.1,437,412,413,2022-06-27,-3.7296037296037,103544
AKPL,397,429.9,394,429,2022-06-26,9.7186700767263,96853
AKPL,375.1,401,369.2,391,2022-06-24,2.3560209424084,50856
AKPL,392,398,378.5,382,2022-06-23,-4.5,79456
AKPL,410,411,397,400,2022-06-22,-2.4390243902439,33105
AKPL,396,420,395,410,2022-06-21,1.7622238768925,45438
AKPL,414,414,400,402.9,2022-06-20,-3.8195273334925,96069
AKPL,432,437.9,416,418.9,2022-06-19,-3.0099560083353,44746
AKPL,442,442,430,431.9,2022-06-17,-1.1670480549199,17059
AKPL,435.5,444,421,437,2022-06-16,2.3419203747073,55236
AKPL,445.8,445.8,423,427,2022-06-15,-2.3106840539922,58782
AKPL,441,453,434,437.1,2022-06-14,-2.4330357142857,59035
AKPL,451,455,445,448,2022-06-13,0.22371364653244,21514
AKPL,452,455,444,447,2022-06-10,-0.66666666666667,39196
AKPL,466,467,448.9,450,2022-06-09,-1.9607843137255,86866
AKPL,441,465,440,459,2022-06-08,4.3181818181818,79857
AKPL,449,451,439,440,2022-06-07,-1.7857142857143,63278
AKPL,453,458.9,443,448,2022-06-06,0,68607
AKPL,459,460,448,448,2022-06-03,-1.3215859030837,55239
AKPL,462,465,453,454,2022-06-02,-1.0893246187364,45064
AKPL,451.3,460,451.1,459,2022-06-01,1.706182140483,63423
AKPL,458,460,450.1,451.3,2022-05-31,-1.4628820960699,62635
AKPL,476,476,454.2,458,2022-05-30,-1.9271948608137,51587
AKPL,483.5,485,461,467,2022-05-27,-2.5052192066806,81485
AKPL,478,481,472,479,2022-05-26,0.67255149222362,84603
AKPL,474.1,481,465,475.8,2022-05-25,2.344590234459,99536
AKPL,451.3,470,449,464.9,2022-05-24,3.0820399113082,97226
AKPL,457.1,460.1,449.1,451,2022-05-23,-3.2188841201717,61087
AKPL,461,473,457,466,2022-05-20,1.0845986984816,64809
AKPL,464,475,455.1,461,2022-05-19,-0.64655172413793,67041
AKPL,433,472.2,426.4,464,2022-05-18,0.051677243880326,80103
AKPL,466,466,441,441.2,2022-05-17,-5.5043906618119,91591
AKPL,475,484,460.6,466.9,2022-05-12,-1.5601939700611,121858
AKPL,440,475,437,474.3,2022-05-11,9.0344827586207,105202
AKPL,402,439.5,396,435,2022-05-10,8.2089552238806,73225
AKPL,405,414,396.9,402,2022-05-09,0.24937655860349,53284
AKPL,391.6,402,379,401,2022-05-08,4.4270833333333,31493
AKPL,391,396,377.3,384,2022-05-05,-2.0408163265306,47748
AKPL,398,405.8,386,392,2022-05-04,-1.5075376884422,31820
AKPL,415,418,396,398,2022-05-02,-5.0345979479838,49825
AKPL,431,435.5,418.8,419.1,2022-04-28,-1.8501170960187,46800
AKPL,412.4,428.4,412,427,2022-04-27,1.6666666666667,33066
AKPL,421,433,418,420,2022-04-26,-1.6393442622951,29371
AKPL,435,445.6,419,427,2022-04-25,0,63367
AKPL,392,428,392,427,2022-04-24,9.7404266255461,83160
AKPL,390,395,379.3,389.1,2022-04-21,0.28350515463918,45659
AKPL,402,402,387,388,2022-04-20,-2.2670025188917,31811
AKPL,396,403,385,397,2022-04-19,0.25252525252526,42323
AKPL,417,417,395,396,2022-04-18,-4.1162227602906,68487
AKPL,433,435,412,413,2022-04-17,-3.2786885245902,48381
AKPL,431.9,436,420,427,2022-04-13,-0.41977611940299,32929
AKPL,438,438,428.8,428.8,2022-04-12,-2.1004566210046,39407
AKPL,457.9,465,435,438,2022-04-11,-2.4498886414254,59237
AKPL,445,453,441,449,2022-04-07,1.5837104072398,41705
AKPL,450,455,437.1,442,2022-04-06,-1.5590200445434,56845
AKPL,462,469.9,443,449,2022-04-05,-2.8138528138528,76643
AKPL,463,473.9,460.1,462,2022-04-04,-0.85836909871245,36309
AKPL,484,484,465,466,2022-04-03,-2.3060796645702,28832
AKPL,490,495,475.3,477,2022-03-31,-2.4539877300613,41418
AKPL,479,490,470,489,2022-03-30,3.2734952481521,52095
AKPL,490,492,471,473.5,2022-03-29,-2.0885028949545,53178
AKPL,482.3,497.6,482.3,483.6,2022-03-28,-0.49382716049382,43440
AKPL,503,507,485.1,486,2022-03-27,-3.1872509960159,57833
AKPL,510,514,501,502,2022-03-24,-1.953125,44146
AKPL,514.1,520,510,512,2022-03-23,-1.1583011583012,28244
AKPL,530,530,518,518,2022-03-22,-1.3145361021147,51894
AKPL,505,529,500,524.9,2022-03-21,3.9405940594059,78753
AKPL,512,515,503,505,2022-03-20,-0.19762845849802,50481
AKPL,517,517,505,506,2022-03-16,-0.58939096267191,40556
AKPL,520,520,507,509,2022-03-15,-1.7564176799846,62526
AKPL,525,525,514,518.1,2022-03-14,-0.93690248565965,17359
AKPL,510,525,510,523,2022-03-13,3.5643564356436,105985
AKPL,479,506.9,477,505,2022-03-10,5.8700209643606,78232
AKPL,491.9,501.7,475.3,477,2022-03-09,-3.02907094938,67492
AKPL,504,509,490,491.9,2022-03-07,-2.3814248858901,74283
AKPL,517,522,500,503.9,2022-03-06,-1.58203125,93807
AKPL,520.1,527,508,512,2022-03-02,-3.3962264150943,114000
AKPL,549.7,560.6,526.6,530,2022-02-28,-1.669758812616,168382
AKPL,532,550.8,529,539,2022-02-27,1.3157894736842,105006
AKPL,547,547,530,532,2022-02-24,-2.7422303473492,88148
AKPL,550,557,546,547,2022-02-23,-0.18248175182482,45152
AKPL,550,557,545.1,548,2022-02-22,0.73529411764706,64126
AKPL,536,545,529,544,2022-02-21,1.1152416356877,58823
AKPL,533.2,550,515.5,538,2022-02-20,-1.1029411764706,125018
AKPL,544,548.8,534.5,544,2022-02-17,0.1841620626151,67702
AKPL,565,566,540.1,543,2022-02-16,-2.3381294964029,69713
AKPL,542,556.9,533,556,2022-02-15,4.3151969981238,87996
AKPL,534,544.6,529,533,2022-02-14,-0.187265917603,94614
AKPL,548.2,548.9,533,534,2022-02-13,-4.5235115322725,181856
AKPL,565,573,555,559.3,2022-02-10,-1.2709620476611,95207
AKPL,565,580,561.6,566.5,2022-02-09,-1.1343804537522,88804
AKPL,590,611,569,573,2022-02-08,0,195074
AKPL,571.6,589.9,571.6,578.9,2022-02-07,-0.73731138545955,184107
AKPL,601,601,578.2,583.2,2022-02-06,-2.9617304492512,245787
AKPL,612,624,600,601,2022-02-03,0.16666666666667,391839
AKPL,590,605,570,600,2022-02-01,3.4661148473875,402686
AKPL,592.6,592.6,570,579.9,2022-01-31,-0.18932874354561,155740
AKPL,551,582,551,581,2022-01-30,7.3937153419593,185790
AKPL,540,549,539,541,2022-01-27,0.18518518518519,80899
AKPL,547,555,535.2,540,2022-01-26,-2.3508137432188,141732
AKPL,558,571,540,553,2022-01-25,-0.89605734767025,155695
AKPL,585,585,550,558,2022-01-24,-4.6153846153846,322001
AKPL,604,607.9,583,585,2022-01-23,-1.8456375838926,131384
AKPL,577,598,571,596,2022-01-20,3.1141868512111,165848
AKPL,587,596,570.4,578,2022-01-19,-1.5332197614991,193561
AKPL,614.9,614.9,580,587,2022-01-18,-2.6372532758335,211932
AKPL,583.2,606,575,602.9,2022-01-17,3.377914951989,274580
AKPL,585.4,600,578,583.2,2022-01-16,1.602787456446,235708
AKPL,548,574.9,538.1,574,2022-01-13,6.2962962962963,238036
AKPL,554,565,540,540,2022-01-12,-2.1739130434783,208057
AKPL,557,559.9,540.2,552,2022-01-11,0.54644808743169,142738
AKPL,560,565,543,549,2022-01-10,-1.4008620689655,204840
AKPL,535,559,530,556.8,2022-01-09,5.8555133079848,250424
AKPL,514,527,509,526,2022-01-06,2.3346303501946,118617
AKPL,514,527,511,514,2022-01-05,-0.038895371450809,120607
AKPL,508,516,497.1,514.2,2022-01-04,1.8419489007724,83363
AKPL,514,515,500,504.9,2022-01-03,-0.21739130434784,112793
AKPL,493,506.9,490,506,2022-01-02,2.6369168356998,82669
AKPL,501.9,502,490,493,2021-12-29,0,79157
AKPL,497,501,472,493,2021-12-28,1.0245901639344,93245
AKPL,521,524,486.3,488,2021-12-27,-5.4263565891473,177984
AKPL,525,530,512,516,2021-12-26,-0.78830994039608,124529
AKPL,535,540,520,520.1,2021-12-23,-1.8679245283019,152496
AKPL,502,530,500,530,2021-12-22,7.5050709939148,168665
AKPL,483,494,476,493,2021-12-21,3.7894736842105,85423
AKPL,486,497,471.2,475,2021-12-20,-2.3638232271326,84121
AKPL,510,510,485.1,486.5,2021-12-16,-3.8537549407115,108126
AKPL,513,534.4,495,506,2021-12-15,0.43668122270742,220174
AKPL,467,503.8,460,503.8,2021-12-14,10,94999
AKPL,472.4,489.9,450,458,2021-12-13,-4.9792531120332,196899
AKPL,506.5,522.2,478,482,2021-12-12,-5.859375,138457
AKPL,511,525.2,505,512,2021-12-09,-1.3487475915222,116336
AKPL,530,542,515,519,2021-12-08,-3.7105751391466,134136
AKPL,565.6,571,536.2,539,2021-12-07,-3.75,118755
AKPL,539,563,515,560,2021-12-06,3.7037037037037,211539
AKPL,563,574.2,538.5,540,2021-12-05,-5.9233449477352,169159
AKPL,599,599,568.1,574,2021-12-02,-2.5466893039049,110598
AKPL,580,592,580,589,2021-12-01,1.551724137931,90259
AKPL,589.9,590,574,580,2021-11-30,0,103984
AKPL,586,605,577,580,2021-11-29,-1.0238907849829,113827
AKPL,600,610,585,586,2021-11-28,-4.2483660130719,203824
AKPL,620,624.5,610,612,2021-11-25,-0.97087378640777,83490
AKPL,615,626.2,595,618,2021-11-24,0.32467532467532,208566
AKPL,625,635,613,616,2021-11-23,-2.6856240126382,156637
AKPL,639,640.9,626,633,2021-11-22,0.95693779904306,234581
AKPL,610,635.4,603.7,627,2021-11-21,1.7857142857143,229197
AKPL,630,647.7,615,616,2021-11-18,-2.2222222222222,164322
AKPL,632.4,654,621,630,2021-11-17,1.6129032258065,302488
AKPL,624,624,610,620,2021-11-16,0.99364717380681,122858
AKPL,612,623,610,613.9,2021-11-15,2.3166666666667,101843
AKPL,597.7,615,586,600,2021-11-14,2.3890784982935,217525
AKPL,604,609.8,577,586,2021-11-11,-4.1700735895339,213717
AKPL,645,645,605,611.5,2021-11-09,-5.4868624420402,265901
AKPL,657.9,669.9,646,647,2021-11-08,0.31007751937984,136643
AKPL,612,660,612,645,2021-11-03,7.5,337120
AKPL,587,604,575.3,600,2021-11-02,2.2146507666099,122954
AKPL,616,624,586,587,2021-11-01,-3.6124794745484,195198
AKPL,579.3,614,563,609,2021-10-31,7.2183098591549,160421
AKPL,540,575,535,568,2021-10-28,3.2727272727273,165688
AKPL,552,565.5,530,550,2021-10-27,-0.36231884057971,210701
AKPL,526.2,567,523,552,2021-10-26,6.9974801318085,190626
AKPL,475,515.9,474,515.9,2021-10-25,10,136864
AKPL,450,472,444,469,2021-10-24,4.2222222222222,85361
AKPL,465,468,449,450,2021-10-21,-2.1739130434783,61033
AKPL,448,475,446,460,2021-10-20,4.5454545454545,57342
AKPL,464,465,432,440,2021-10-19,-5.1724137931034,131685
AKPL,475,475.3,452.1,464,2021-10-18,-3.3333333333333,108734
AKPL,485,488,466.5,480,2021-10-17,0.84033613445378,23174
AKPL,474,482.7,466.1,476,2021-10-11,-1.2448132780083,66133
AKPL,502,502,480.2,482,2021-10-10,-2.2312373225152,80592
AKPL,476,497.2,471,493,2021-10-06,4.8936170212766,85860
AKPL,462,475,455,470,2021-10-05,3.638368246968,67748
AKPL,463,480,450,453.5,2021-10-04,-3.9194915254237,121078
AKPL,494,500,466,472,2021-10-03,-4.4534412955466,148050
AKPL,520,526,491,494,2021-09-30,-4.0776699029126,130752
AKPL,486,525,466,515,2021-09-29,5.9670781893004,236151
AKPL,524,544,480.3,486,2021-09-28,-7.2519083969466,249406
AKPL,564,585,522,524,2021-09-27,-5.244122965642,207373
AKPL,590,593,550,553,2021-09-26,-6.4614343707713,200221
AKPL,621.1,621.1,590,591.2,2021-09-23,-2.9228243021346,147108
AKPL,576.1,612,576,609,2021-09-22,7.8066914498141,186345
AKPL,550,588,510,564.9,2021-09-21,2.7090909090909,272544
AKPL,599,600,540,550,2021-09-20,-8.1803005008347,265478
AKPL,615,620,591,599,2021-09-16,-4.4961734693878,263033
AKPL,640,644,625.5,627.2,2021-09-15,-2,179012
AKPL,662,662,630.5,640,2021-09-14,-1.4778325123153,138028
AKPL,668.7,695.6,643,649.6,2021-09-13,-0.91519219035998,303844
AKPL,607.9,655.6,607.9,655.6,2021-09-12,10,286139
AKPL,589,606,578.2,596,2021-09-09,2.9183215334139,192883
AKPL,600,603,577.3,579.1,2021-09-08,-3.4672445407568,109071
AKPL,605,628,572,599.9,2021-09-07,0.84047739115818,227199
AKPL,540,594.9,530,594.9,2021-09-06,9.9833610648918,276714
AKPL,589,590,540.9,540.9,2021-09-05,-10,326478
AKPL,645,652,592,601,2021-09-02,-6.09375,289654
AKPL,659,669,633.1,640,2021-09-01,-2.8831562974203,181760
AKPL,694,694.6,658,659,2021-08-31,-3.230543318649,341688
AKPL,843.5,860,793.1,797,2021-08-29,-3.627569528416,1069649
AKPL,795,850,788,827,2021-08-26,4.829509443529,551272
AKPL,777,821,745,788.9,2021-08-25,1.4662379421222,624251
AKPL,814,823,775.1,777.5,2021-08-24,-6.3816977724262,905177
AKPL,818.2,882.4,805,830.5,2021-08-19,3.53,1382304
AKPL,743.8,802.2,743.8,802.2,2021-08-18,9.9958864664747,125488
AKPL,675,729.3,666,729.3,2021-08-17,10,843940
AKPL,668,672,643,663,2021-08-16,1.2213740458015,291545
AKPL,674.3,679,635,655,2021-08-15,-4.796511627907,720863
AKPL,698.7,715,681,688,2021-08-12,0.43795620437956,579592
AKPL,630,686,630,685,2021-08-11,9.775641025641,840637
AKPL,635,645,618,624,2021-08-10,-1.1093502377179,660814
AKPL,631,637,617.1,631,2021-08-09,1.9386106623587,507218
AKPL,598,626,585,619,2021-08-08,4.3141220087631,534026
AKPL,627,627,592,593.4,2021-08-05,-3.5121951219512,474739
AKPL,600,621,591,615,2021-08-04,4.078524284989,681327
AKPL,595,595,575,590.9,2021-08-03,1.1815068493151,319578
AKPL,592.6,619,576.3,584,2021-08-02,0.51635111876076,638039
AKPL,566,586.5,566,581,2021-08-01,3.1971580817052,325963
AKPL,570,575,555,563,2021-07-29,-0.35398230088496,280372
AKPL,596.7,609,565,565,2021-07-28,-3.4188034188034,446786
AKPL,560,596,558,585,2021-07-27,4.8951048951049,457237
AKPL,581,586,556,557.7,2021-07-26,-2.1578947368421,340135
AKPL,524,576.4,520,570,2021-07-25,8.7786259541985,628087
AKPL,543.6,543.6,518,524,2021-07-22,-1.6885553470919,418366
AKPL,529.3,544,511,533,2021-07-20,2.7,730416
AKPL,500,521,489,519,2021-07-19,5.7026476578411,537864
AKPL,483,499,483,491,2021-07-18,3.5864978902954,253647
AKPL,470,487,460,474,2021-07-15,3.4934497816594,284343
AKPL,457,458,447,458,2021-07-14,1.7777777777778,86836
AKPL,471,471,441,450,2021-07-13,0.22271714922049,100089
AKPL,465,469,437,449,2021-07-12,-1.5350877192982,204397
AKPL,435,457,435,456,2021-07-11,5.3117782909931,193425
AKPL,428,435,425,433,2021-07-08,1.4051522248244,87975
AKPL,401,431,401,427,2021-07-07,1.1848341232227,105707
AKPL,427,438,421,422,2021-07-06,0,64447
AKPL,435,435,421,422,2021-07-05,-1.1709601873536,66851
AKPL,439,440,426,427,2021-07-04,-1.3856812933025,96041
AKPL,430,440,425,433,2021-07-01,1.8823529411765,189336
AKPL,444,444,414,425,2021-06-30,0.47281323877069,161003
AKPL,432,448,421,423,2021-06-29,-2.5345622119816,138501
AKPL,448,448,433,434,2021-06-28,-1.3636363636364,115388
AKPL,445,453,436,440,2021-06-27,0.91743119266055,143558
AKPL,445,455,425,436,2021-06-24,-0.22883295194508,184146
AKPL,469,475,437,437,2021-06-23,-5,201232
AKPL,435,462,414,460,2021-06-22,7.4766355140187,328726
AKPL,470,470,427,428,2021-06-21,-5.3097345132743,341219
AKPL,478,481,441,452,2021-06-20,-4.6413502109705,325637
AKPL,475,490,460,474,2021-06-17,-0.21052631578947,284274
AKPL,471,510,460,475,2021-06-16,-4.040404040404,512685
AKPL,514,517,493,495,2021-06-15,-3.6964980544747,525578
AKPL,553,553,503,514,2021-06-14,-2.4667931688805,772074
AKPL,505,530,493,527,2021-06-13,7.5510204081633,790346
AKPL,487,508,463,490,2021-06-10,5.6034482758621,606929
AKPL,458,476,445,464,2021-06-09,0.026548672566372,510093
AKPL,477,477,452,452,2021-06-08,-0.66,476407
AKPL,438,457,435,455,2021-06-07,4.84,392597
AKPL,440,441,424,434,2021-06-06,-1.14,349036
AKPL,452,464,435,439,2021-06-03,-2.8761061946903,333442
AKPL,456,459,430,452,2021-06-02,3.9080459770115,327969
AKPL,415,441,415,435,2021-06-01,1.8735362997658,366669
AKPL,431,470,421,427,2021-05-31,-5.7395143487859,606893
AKPL,486,486,443,453,2021-05-30,-2.1598272138229,1012079
AKPL,415,463,412,463,2021-05-27,9.9762470308789,836448
AKPL,400,424,390,421,2021-05-25,7.9487179487179,825687
AKPL,390,397,385,390,2021-05-24,0.25706940874035,530132
AKPL,362,391,361,389,2021-05-23,2.9100529100529,397528
AKPL,377,382,373,378,2021-05-20,-0.52631578947369,310631
AKPL,412,412,376,380,2021-05-19,-3.3078880407125,483778
AKPL,397,402,380,393,2021-05-18,3.6939313984169,799163
AKPL,369,380,365,379,2021-05-17,4.1208791208791,668227
AKPL,380,380,362,364,2021-05-16,0.55248618784531,495370
AKPL,355,365,352,362,2021-05-13,2.5495750708215,599643
AKPL,342,354,342,353,2021-05-12,2.0231213872832,220023
AKPL,347,349,343,346,2021-05-11,0.58139534883721,146524
AKPL,342,350,341,344,2021-05-10,0.58479532163742,113699
AKPL,350,353,342,342,2021-05-09,-1.7241379310345,163371
AKPL,360,360,345,348,2021-05-06,-2.247191011236,329436
AKPL,351,361,350,356,2021-05-05,1.4245014245014,384481
AKPL,335,358,335,351,2021-05-04,3.2352941176471,624687
AKPL,325,349,325,340,2021-05-03,-0.58479532163743,161883
AKPL,344,348,338,342,2021-05-02,0.58823529411764,186531
AKPL,352,352,336,340,2021-04-29,1.1904761904762,191298
AKPL,345,345,333,336,2021-04-28,-1.7543859649123,72840
AKPL,325,345,323,342,2021-04-27,5.23,192255
AKPL,337,340,324,325,2021-04-26,-3.85,226564
AKPL,354,354,334,338,2021-04-25,-3.15,247852
AKPL,356,356,345,349,2021-04-22,-0.29,185879
AKPL,365,366,349,350,2021-04-21,-2.78,323315
AKPL,336,363,336,360,2021-04-20,5.57,404412
AKPL,352,355,339,341,2021-04-19,-2.85,289675
AKPL,340,360,339,351,2021-04-18,4.46,761142
AKPL,351,351,331,336,2021-04-15,0.3,184237
AKPL,335,337,330,335,2021-04-13,0.6,116361
AKPL,320,343,320,333,2021-04-12,0.91,116158
AKPL,336,339,330,330,2021-04-08,-0.9,93817
AKPL,350,350,332,333,2021-04-07,-2.06,203537
AKPL,332,346,328,340,2021-04-06,1.8,364925
AKPL,337,340,330,334,2021-04-05,-0.6,148903
AKPL,340,344,334,336,2021-04-04,-0.3,118741
AKPL,326,346,326,337,2021-04-01,2.12,216523
AKPL,335,336,329,330,2021-03-31,0.3,83567
AKPL,325,332,325,329,2021-03-30,0,63744
AKPL,330,332,325,329,2021-03-29,-1.79,59879
AKPL,345,346,333,335,2021-03-25,-2.62,201670
AKPL,338,345,332,344,2021-03-24,2.99,294418
AKPL,305,339,305,334,2021-03-23,4.05,314289
AKPL,315,325,310,321,2021-03-22,1.58,131308
AKPL,332,332,314,316,2021-03-21,-0.32,60649
AKPL,312,317,309,317,2021-03-18,2.26,260206
AKPL,308,314,308,310,2021-03-17,0.32,49039
AKPL,305,315,305,309,2021-03-16,0,47327
AKPL,313,318,307,309,2021-03-15,-2.22,87792
AKPL,320,323,310,316,2021-03-14,-1.25,92310
AKPL,319,324,317,320,2021-03-10,0.95,52766
AKPL,317,326,313,317,2021-03-09,0,188870
AKPL,330,330,314,317,2021-03-08,-2.16,62313
AKPL,300,326,300,324,2021-03-04,6.58,115157
AKPL,302,309,301,304,2021-03-03,-0.33,111582
AKPL,317,318,303,305,2021-03-02,-3.48,113061
AKPL,305,320,301,316,2021-03-01,0,92277
AKPL,338,338,304,309,2021-02-28,-4.04,155933
AKPL,341,341,318,322,2021-02-25,0,110762
AKPL,335,340,325,325,2021-02-24,-1.22,101981
AKPL,328,333,316,329,2021-02-23,0,127744
AKPL,334,345,328,329,2021-02-22,-1.5,143616
AKPL,330,345,329,334,2021-02-21,0.0121,167804
AKPL,331,336,329,330,2021-02-18,-0.009,131578
AKPL,340,340,330,333,2021-02-17,-0.0089,185035
AKPL,338,344,330,336,2021-02-16,-0.0059,253082
AKPL,336,347,332,338,2021-02-15,0.0211,231045
AKPL,350,350,325,331,2021-02-14,-0.0149,132596
AKPL,347,347,328,336,2021-02-11,0.0151,467947
AKPL,355,355,330,331,2021-02-10,-0.0236,292000
AKPL,332,357,332,335,2021-02-09,-0.0401,212237
AKPL,359,362,344,349,2021-02-08,-0.0169,401850
AKPL,345,368,345,355,2021-02-07,0.0441,496380
AKPL,335,346,318,340,2021-02-04,0.0398,498709
AKPL,320,335,310,327,2021-02-03,0.0721,943804
AKPL,299,306,293,305,2021-02-02,0.0374,304360
AKPL,303,303,287,294,2021-02-01,0.0173,119453
AKPL,294,295,284,289,2021-01-31,-0.0269,155261
AKPL,302,306,293,297,2021-01-28,-0.0133,232443
AKPL,303,309,296,301,2021-01-27,0.0067,190866
AKPL,300,311,295,299,2021-01-26,0.0034,275916
AKPL,305,314,295,298,2021-01-25,-0.023,276130
AKPL,315,326,303,305,2021-01-24,0.0167,506533
AKPL,275,300,269,300,2021-01-21,0.0989,475655
AKPL,265,274,265,273,2021-01-20,0.0149,124299
AKPL,272,274,267,269,2021-01-19,-0.011,151379
AKPL,270,279,270,272,2021-01-18,-0.0145,132709
AKPL,278,280,272,276,2021-01-17,-0.0036,147702
AKPL,270,277,269,277,2021-01-13,0.0414,253995
AKPL,282,282,264,266,2021-01-12,-0.0112,116448
AKPL,264,275,262,269,2021-01-11,0.0189,80629
AKPL,267,272,263,264,2021-01-10,-0.0038,146086
AKPL,272,272,261,265,2021-01-07,-0.0149,153465
AKPL,286,286,266,269,2021-01-06,-0.0147,138740
AKPL,276,278,264,273,2021-01-05,0.038,309970
AKPL,259,273,259,263,2021-01-04,0.0154,191806
AKPL,259,260,253,259,2021-01-03,0.0078,137269
AKPL,250,258,250,257,2020-12-31,0.028,166023
AKPL,262,267,245,250,2020-12-30,0,38348
AKPL,258,259,248,250,2020-12-29,-0.0157,51210
AKPL,244,254,244,254,2020-12-28,0.0325,49733
AKPL,246,251,245,246,2020-12-27,-0.012,72044
AKPL,259,259,247,249,2020-12-24,-0.0235,135314
AKPL,261,266,252,255,2020-12-23,-0.023,27417
AKPL,257,269,250,261,2020-12-22,0.0357,99816
AKPL,242,255,240,252,2020-12-21,0.0244,101016
AKPL,258,258,246,248,2020-12-20,-0.0462,155103
AKPL,255,264,255,260,2020-12-17,0,83752
AKPL,262,267,259,260,2020-12-16,-0.0189,93758
AKPL,261,275,261,265,2020-12-15,0,78197
AKPL,283,283,265,265,2020-12-14,-0.0185,71284
AKPL,276,276,270,270,2020-12-13,-0.0288,43275
AKPL,273,284,272,278,2020-12-10,0.0072,155283
AKPL,273,289,273,276,2020-12-09,0.011,826604
AKPL,261,278,259,273,2020-12-08,0.0341,275890
AKPL,258,266,255,264,2020-12-07,0.0233,94733
AKPL,285,285,258,258,2020-12-06,-0.0515,86437
AKPL,275,280,267,272,2020-12-03,-0.0037,352726
AKPL,274,279,266,273,2020-12-02,-0.0036,132729
AKPL,285,285,268,274,2020-12-01,-0.0144,170780
AKPL,265,280,262,278,2020-11-30,0.0611,239766
AKPL,265,265,252,262,2020-11-29,0.0315,171088
AKPL,275,277,267,269,2020-11-26,-0.0037,258529
AKPL,268,274,265,273,2020-11-25,0.0187,102066
AKPL,271,273,266,268,2020-11-24,0,157546
AKPL,269,274,266,268,2020-11-23,-0.0183,146121
AKPL,273,281,268,273,2020-11-22,0,151938
AKPL,275,278,265,273,2020-11-19,0,356350
AKPL,294,294,264,268,2020-11-18,0,278038
AKPL,294,294,275,280,2020-11-12,,295205
AKPL,280,286,276,280,2020-11-11,1.08,330146
AKPL,291,291,272,277,2020-11-10,-0.36,293155
AKPL,283,284,273,278,2020-11-09,-1.77,290193
AKPL,292,292,283,283,2020-11-08,-1.39,271374
AKPL,268,290,268,287,2020-11-05,7.09,664865
AKPL,258,274,258,268,2020-11-04,1.9,306703
AKPL,255,267,255,263,2020-11-03,3.14,168191
AKPL,259,264,255,255,2020-11-02,-1.54,64882
AKPL,265,267,259,259,2020-11-01,-0.77,182725
AKPL,260,266,258,261,2020-10-29,0,144749
AKPL,261,262,254,261,2020-10-28,0,64241
AKPL,276,276,261,261,2020-10-22,-0.76,159008
AKPL,268,269,261,263,2020-10-21,-1.5,121928
AKPL,262,271,260,267,2020-10-20,3.09,338528
AKPL,249,259,249,259,2020-10-19,4.02,137788
AKPL,245,255,242,249,2020-10-18,1.63,111247
AKPL,229,250,229,245,2020-10-15,1.66,143041
AKPL,243,250,239,241,2020-10-14,-2.43,180194
AKPL,248,260,243,247,2020-10-13,0,450519
AKPL,264,264,245,247,2020-10-12,-1.98,167487
AKPL,245,256,245,252,2020-10-11,0.8,297090
AKPL,270,272,249,250,2020-10-08,-6.37,484764
AKPL,252,277,252,267,2020-10-07,5.95,578663
AKPL,237,258,237,252,2020-10-06,1.2,357040
AKPL,239,255,239,249,2020-10-05,5.96,472846
AKPL,235,249,225,235,2020-10-04,-0.42,406514
AKPL,245,245,232,236,2020-10-01,-2.88,214757
AKPL,227,245,227,243,2020-09-30,6.58,416810
AKPL,213,228,213,228,2020-09-29,6.05,784871
AKPL,218,222,202,215,2020-09-28,0.47,107644
AKPL,214,229,207,214,2020-09-27,-1.83,339516
AKPL,200,220,200,218,2020-09-24,9,691961
AKPL,190,201,184,200,2020-09-23,5.26,181706
AKPL,196,198,187,190,2020-09-22,-2.56,135927
AKPL,193,200,186,195,2020-09-21,0,267468
AKPL,210,211,185,195,2020-09-20,-4.41,385240
AKPL,201,208,192,204,2020-09-17,5.15,232516
AKPL,180,197,179,194,2020-09-16,6.01,249235
AKPL,190,190,181,183,2020-09-15,-2.14,124919
AKPL,180,187,172,187,2020-09-14,7.47,337243
AKPL,172,178,161,174,2020-09-13,6.1,276544
AKPL,169,169,158,164,2020-09-10,1.86,94234
AKPL,176,176,161,161,2020-09-09,-4.17,94772
AKPL,176,176,156,168,2020-09-08,0,198230
AKPL,174,174,163,168,2020-09-07,-5.08,281741
AKPL,175,180,161,177,2020-09-06,5.99,507389
AKPL,159,167,151,167,2020-09-03,9.87,507261
AKPL,145,152,142,152,2020-09-02,9.35,169513
AKPL,121,139,121,139,2020-08-31,9.45,323989
AKPL,118,129,120,127,2020-08-30,7.63,260489
AKPL,112,121,112,118,2020-08-27,0.85,105374
AKPL,120,120,116,117,2020-08-26,-3.31,32481
AKPL,117,121,115,121,2020-08-25,3.42,31700
AKPL,114,118,112,117,2020-08-24,4.46,69312
AKPL,113,115,112,112,2020-08-23,-0.88,33298
AKPL,108,116,108,113,2020-08-20,0,4452
AKPL,113,113,111,113,2020-08-19,0.89,25480
AKPL,115,117,112,112,2020-08-18,-2.61,31339
AKPL,115,115,112,115,2020-08-17,1.77,57414
AKPL,112,114,112,113,2020-08-16,0,61466
AKPL,114,116,113,113,2020-08-13,-0.88,47518
AKPL,115,115,113,114,2020-08-12,-0.87,47650
AKPL,116,117,114,115,2020-08-11,-0.86,50072
AKPL,112,118,112,116,2020-08-10,3.57,85043
AKPL,113,114,110,112,2020-08-09,-0.88,43961
AKPL,114,114,112,113,2020-08-06,-0.88,41673
AKPL,113,117,111,114,2020-08-05,-0.87,34631
AKPL,115,116,113,115,2020-08-03,-0.86,56318
AKPL,118,119,115,116,2020-08-02,-3.33,31127
AKPL,114,120,114,120,2020-07-30,3.45,51869
AKPL,113,116,113,116,2020-07-29,0.87,19757
AKPL,118,118,115,115,2020-07-28,-0.86,44336
AKPL,119,120,116,116,2020-07-27,-0.85,48691
AKPL,124,124,115,117,2020-07-26,-1.68,58457
AKPL,116,119,115,119,2020-07-23,1.71,32260
AKPL,115,118,115,117,2020-07-22,0,11474
AKPL,118,122,116,117,2020-07-21,-2.5,22331
AKPL,127,129,118,120,2020-07-20,-4.76,39279
AKPL,122,126,122,126,2020-07-19,7.69,590
AKPL,115,119,115,117,2020-07-16,0.86,39605
AKPL,115,119,115,116,2020-07-15,-0.85,17259
AKPL,120,120,115,117,2020-07-14,-0.85,14709
AKPL,116,119,116,118,2020-07-13,0.85,14772
AKPL,115,121,115,117,2020-07-12,1.74,20204
AKPL,117,118,114,115,2020-07-09,-0.86,17856
AKPL,118,119,115,116,2020-07-08,-3.33,14349
AKPL,116,123,116,120,2020-07-07,2.56,34378
AKPL,113,117,113,117,2020-07-06,2.63,15297
AKPL,113,121,112,114,2020-07-05,0.88,19550
AKPL,123,125,113,113,2020-07-02,-9.6,2650
AKPL,124,132,124,125,2020-07-01,2.46,13890
AKPL,112,122,112,122,2020-06-30,9.91,13091
AKPL,104,112,100,111,2020-06-29,5.66,22655
AKPL,107,107,106,106,2020-05-13,-2.75,250
AKPL,110,110,109,109,2020-05-12,-2.68,120
AKPL,111,112,111,112,2020-03-22,-0.88,110
AKPL,110,115,108,113,2020-03-19,0.89,64256
AKPL,114,117,110,112,2020-03-18,-1.75,52714
AKPL,116,117,114,114,2020-03-17,-2.56,27976
AKPL,119,120,113,117,2020-03-16,0,52082
AKPL,119,121,116,117,2020-03-15,-3.31,79157
AKPL,125,125,118,121,2020-03-12,-3.2,114156
AKPL,120,126,119,125,2020-03-11,5.93,171929
AKPL,122,126,118,118,2020-03-10,-4.07,37222
AKPL,124,128,122,123,2020-03-05,-2.38,70594
AKPL,128,131,125,126,2020-03-04,-2.33,44397
AKPL,129,135,125,129,2020-03-03,0,93003
AKPL,131,136,129,129,2020-03-02,-3.01,36954
AKPL,139,139,133,133,2020-03-01,-4.32,95475
AKPL,142,144,137,139,2020-02-27,-3.47,82676
AKPL,146,152,141,144,2020-02-26,0,71470
AKPL,135,148,135,144,2020-02-25,5.11,168767
AKPL,139,143,134,137,2020-02-24,-1.44,93296
AKPL,139,144,136,139,2020-02-23,1.46,105342
AKPL,135,139,135,137,2020-02-20,1.48,66486
AKPL,139,141,135,135,2020-02-19,-1.46,53365
AKPL,145,145,134,137,2020-02-18,-1.44,189982
AKPL,134,140,128,139,2020-02-17,8.59,251370
AKPL,128,130,122,128,2020-02-16,4.92,145215
AKPL,124,125,122,122,2020-02-13,-1.61,43748
AKPL,123,125,122,124,2020-02-12,1.64,43900
AKPL,122,125,122,122,2020-02-11,0.83,58315
AKPL,121,123,121,121,2020-02-10,-0.82,49998
AKPL,123,124,121,122,2020-02-09,-1.61,82227
AKPL,124,126,123,124,2020-02-06,0,43448
AKPL,127,129,123,124,2020-02-05,-1.59,61072
AKPL,126,129,123,126,2020-02-04,1.61,165636
AKPL,120,130,120,124,2020-02-03,3.33,183561
AKPL,123,126,120,120,2020-02-02,-4,124643
AKPL,119,131,119,125,2020-01-30,4.17,67838
AKPL,123,123,119,120,2020-01-29,-2.44,38668
AKPL,126,126,123,123,2020-01-28,-1.6,27660
AKPL,123,127,122,125,2020-01-27,0,27122
AKPL,123,125,120,122,2020-01-26,-2.4,56113
AKPL,128,128,124,125,2020-01-23,-2.34,14223
AKPL,127,131,125,128,2020-01-22,0.79,11644
AKPL,126,130,123,127,2020-01-21,0.79,38192
AKPL,136,136,126,126,2020-01-20,-6.67,44731
AKPL,138,140,132,135,2020-01-19,-0.74,63016
AKPL,139,141,134,136,2020-01-16,-2.16,35964
AKPL,137,141,133,139,2020-01-15,2.96,64081
AKPL,126,137,124,135,2020-01-14,5.47,88180
AKPL,122,132,117,128,2020-01-13,6.67,148466
AKPL,117,121,113,119,2020-01-12,3.48,52985
AKPL,112,118,112,115,2020-01-09,0.88,54453
AKPL,119,119,114,114,2020-01-08,-4.2,20050
AKPL,112,122,112,119,2020-01-07,2.59,32615
AKPL,115,117,113,116,2020-01-06,0,39011
AKPL,112,120,112,116,2020-01-05,1.75,21265
AKPL,112,114,111,114,2020-01-02,1.79,26330
AKPL,110,114,109,112,2020-01-01,2.75,36221
AKPL,109,110,108,109,2019-12-31,-0.91,19770
AKPL,109,112,107,110,2019-12-30,0.92,15955
AKPL,109,110,107,109,2019-12-29,0,17933
AKPL,110,111,109,109,2019-12-26,-2.68,21944
AKPL,112,112,110,112,2019-12-25,-1.75,20914
AKPL,113,117,112,114,2019-12-24,-0.87,22566
AKPL,114,117,114,115,2019-12-23,2.68,7233
AKPL,118,118,108,112,2019-12-22,-6.67,83816
AKPL,123,123,119,120,2019-12-19,-4,3629
AKPL,121,125,121,125,2019-12-18,1.63,696
AKPL,128,128,123,123,2019-12-17,-2.38,5010
AKPL,121,128,121,126,2019-12-16,2.44,2455
AKPL,130,132,124,130,2019-12-15,1.56,5601
AKPL,122,129,118,128,2019-12-12,5.79,9016
AKPL,116,121,115,121,2019-12-11,3.42,1415
AKPL,121,121,117,117,2019-12-10,-4.1,1700
AKPL,113,124,113,122,2019-12-09,7.96,739
AKPL,115,115,113,113,2019-12-08,-2.59,291
AKPL,119,119,113,116,2019-12-05,-0.85,1132
AKPL,114,117,112,117,2019-12-04,0.86,5646
AKPL,114,117,112,116,2019-12-03,1.75,1966
AKPL,120,120,114,114,2019-12-02,-6.56,2284
AKPL,118,122,117,122,2019-12-01,1.67,1287
AKPL,114,120,114,120,2019-11-28,3.45,869
AKPL,111,118,110,116,2019-11-27,3.57,1431
AKPL,111,112,111,112,2019-11-26,-0.88,1577
AKPL,107,113,106,113,2019-11-25,3.67,1260
AKPL,111,111,108,109,2019-11-24,-3.54,5100
AKPL,113,117,113,113,2019-11-21,-1.74,2369
AKPL,120,121,115,115,2019-11-20,-3.36,8598
AKPL,123,123,119,119,2019-11-19,-4.8,9560
AKPL,125,125,121,125,2019-11-18,0,3859
AKPL,130,130,125,125,2019-11-17,-3.1,6438
AKPL,130,132,126,129,2019-11-14,-0.77,2824
AKPL,130,130,130,130,2019-11-13,0,551
AKPL,127,130,121,130,2019-11-12,0.78,1060
AKPL,125,129,123,129,2019-11-11,3.2,266
AKPL,128,128,125,125,2019-11-10,-3.1,199
AKPL,127,129,127,129,2019-11-07,0,417
AKPL,131,131,129,129,2019-11-06,0,172
AKPL,129,130,127,129,2019-11-05,0,1825
AKPL,130,130,126,129,2019-11-04,-0.77,4854
AKPL,130,131,128,130,2019-11-03,0.78,869
AKPL,128,131,127,129,2019-10-31,-0.77,753
AKPL,138,138,130,130,2019-10-24,-5.8,1460
AKPL,136,138,132,138,2019-10-23,0.73,1387
AKPL,133,137,133,137,2019-10-22,2.24,383
AKPL,132,134,132,134,2019-10-21,0,815
AKPL,134,136,133,134,2019-10-20,0,175
AKPL,132,137,132,134,2019-10-17,0,2260
AKPL,134,134,134,134,2019-10-16,-1.47,13
AKPL,134,136,134,136,2019-10-15,1.49,2025
AKPL,142,142,134,134,2019-10-14,-5.63,289
AKPL,138,142,132,142,2019-10-10,1.43,1290
AKPL,136,140,136,140,2019-10-03,1.45,354
AKPL,138,138,138,138,2019-10-02,-0.72,10
AKPL,140,140,138,139,2019-10-01,-0.71,1730
AKPL,133,139,133,139,2019-09-30,2.96,1581
AKPL,133,135,129,135,2019-09-29,0,1845
AKPL,135,135,129,135,2019-09-26,1.5,666
AKPL,130,131,130,130,2019-09-24,-0.76,500
AKPL,131,133,129,131,2019-09-23,-0.76,2356
AKPL,131,133,131,132,2019-09-22,-0.75,245
AKPL,139,140,133,133,2019-09-19,-5.67,1581
AKPL,141,143,135,141,2019-09-18,0,3059
AKPL,132,141,132,141,2019-09-17,8.46,6130
AKPL,135,135,129,130,2019-09-16,-2.99,12722
AKPL,135,135,127,134,2019-09-15,-2.19,3744
AKPL,151,151,135,137,2019-09-12,-4.86,11208
AKPL,140,144,139,144,2019-09-11,2.86,653
AKPL,144,144,138,140,2019-09-10,-4.11,7880
AKPL,148,148,144,146,2019-09-09,-1.35,2520
AKPL,150,150,146,148,2019-09-08,0,2638
AKPL,156,156,147,148,2019-09-05,-6.92,3387
AKPL,159,159,159,159,2019-09-04,1.92,10
AKPL,147,156,141,156,2019-09-03,4.7,5658
AKPL,155,155,147,149,2019-09-02,-3.87,3570
AKPL,151,155,151,155,2019-09-01,2.65,5681
AKPL,151,151,149,151,2019-08-29,0,1057
AKPL,150,155,150,151,2019-08-28,-1.31,4560
AKPL,157,157,153,153,2019-08-27,-3.77,2320
AKPL,153,159,150,159,2019-08-26,1.92,1176
AKPL,156,156,151,156,2019-08-25,-1.89,321
AKPL,158,159,154,159,2019-08-22,-1.24,7328
AKPL,153,161,152,161,2019-08-21,3.21,5578
AKPL,154,158,154,156,2019-08-20,-4.29,553
AKPL,158,163,155,163,2019-08-19,3.16,1918
AKPL,161,161,157,158,2019-08-18,-1.25,375
AKPL,160,162,160,160,2019-08-15,-1.23,749
AKPL,163,165,162,162,2019-08-14,-1.82,1034
AKPL,164,167,163,165,2019-08-13,0.61,3690
AKPL,162,165,162,164,2019-08-12,0,574
AKPL,164,166,164,164,2019-08-11,-1.8,1301
AKPL,166,169,165,167,2019-08-08,-1.18,606
AKPL,166,172,165,169,2019-08-07,0.6,344
AKPL,168,168,167,168,2019-08-06,-1.75,1981
AKPL,168,171,168,171,2019-08-05,0,2877
AKPL,169,171,167,171,2019-08-04,0.59,2950
AKPL,169,178,169,170,2019-08-01,0.59,966
AKPL,170,173,169,169,2019-07-31,-1.17,3053
AKPL,167,173,167,171,2019-07-30,0.59,3127
AKPL,170,173,167,170,2019-07-29,-1.73,972
AKPL,171,173,170,173,2019-07-28,-0.57,4151
AKPL,178,178,173,174,2019-07-25,-2.25,1303
AKPL,174,178,173,178,2019-07-24,1.71,2799
AKPL,173,177,173,175,2019-07-23,0,11037
AKPL,173,179,173,175,2019-07-22,-0.57,11449
AKPL,177,177,172,176,2019-07-21,-2.22,2957
AKPL,177,180,177,180,2019-07-18,0,5360
AKPL,185,185,175,180,2019-07-17,-4.26,4315
AKPL,175,188,174,188,2019-07-16,6.21,3457
AKPL,177,181,177,177,2019-07-15,-1.67,3453
AKPL,189,189,177,180,2019-07-14,-6.25,5845
AKPL,204,204,192,192,2019-07-11,-1.54,20
AKPL,204,204,177,195,2019-07-10,0,26661
AKPL,198,198,195,195,2019-07-09,3.17,1010
AKPL,183,189,183,189,2019-07-08,3.85,2622
AKPL,187,187,182,182,2019-07-07,-2.67,142
AKPL,187,187,183,187,2019-07-04,-1.58,325
AKPL,185,190,183,190,2019-07-03,3.26,9108
AKPL,186,187,184,184,2019-07-02,-2.64,214
AKPL,190,190,184,189,2019-07-01,0,1955
AKPL,185,189,183,189,2019-06-30,3.28,1489
AKPL,187,190,183,183,2019-06-27,-3.68,547
AKPL,185,190,185,190,2019-06-26,4.4,2638
AKPL,187,188,182,182,2019-06-25,-4.21,921
AKPL,180,190,180,190,2019-06-24,5.56,9312
AKPL,185,187,180,180,2019-06-23,-4.26,2557
AKPL,185,190,185,188,2019-06-20,0.53,1900
AKPL,177,187,177,187,2019-06-19,3.89,381
AKPL,172,183,172,180,2019-06-18,-0.55,830
AKPL,181,182,178,181,2019-06-17,-1.63,221
AKPL,181,187,181,184,2019-06-16,0,221
AKPL,184,187,184,184,2019-06-13,-1.6,1265
AKPL,188,189,187,187,2019-06-12,-1.58,1016
AKPL,194,194,188,190,2019-06-11,-0.52,1154
AKPL,191,194,191,191,2019-06-10,-1.04,599
AKPL,189,194,189,193,2019-06-06,0.52,3591
AKPL,184,192,184,192,2019-06-04,2.67,1592
AKPL,189,190,186,187,2019-06-03,-2.6,2588
AKPL,190,201,186,192,2019-06-02,0,6704
AKPL,191,195,191,192,2019-05-30,0,2485
AKPL,195,195,192,192,2019-05-29,-3.03,3380
AKPL,196,198,193,198,2019-05-28,-1,1437
AKPL,183,200,183,200,2019-05-27,4.17,2791
AKPL,201,201,190,192,2019-05-26,-6.34,4013
AKPL,220,220,197,205,2019-05-23,-5.53,10678
AKPL,201,217,201,217,2019-05-22,9.6,26290
AKPL,185,204,185,198,2019-05-21,5.32,4286
AKPL,190,190,186,188,2019-05-20,-2.08,9209
AKPL,197,197,192,192,2019-05-19,-4,5730
AKPL,194,200,191,200,2019-05-16,2.04,9575
AKPL,196,199,195,196,2019-05-15,-2,2810
AKPL,198,208,196,200,2019-05-14,0.5,7892
AKPL,191,200,183,199,2019-05-13,5.85,7078
AKPL,178,191,176,188,2019-05-12,3.87,7419
AKPL,177,181,176,181,2019-05-09,1.12,1417
AKPL,182,182,176,179,2019-05-08,-3.24,2199
AKPL,183,185,176,185,2019-05-07,1.09,1733
AKPL,176,183,176,183,2019-05-06,2.81,4525
AKPL,181,181,177,178,2019-05-05,-3.26,801
AKPL,188,194,180,184,2019-05-02,-3.66,13329
AKPL,178,194,172,191,2019-04-30,5.52,12666
AKPL,164,181,161,181,2019-04-28,8.38,2046
AKPL,173,173,167,167,2019-04-25,-2.34,524
AKPL,160,171,160,171,2019-04-24,4.91,1576
AKPL,168,168,162,163,2019-04-23,-4.68,1382
AKPL,174,174,171,171,2019-04-22,-3.39,200
AKPL,162,177,161,177,2019-04-21,8.59,904
AKPL,166,166,162,163,2019-04-18,-3.55,623
AKPL,166,169,162,169,2019-04-17,1.81,1731
AKPL,168,169,166,166,2019-04-16,0.61,638
AKPL,167,168,165,165,2019-04-15,-2.94,210
AKPL,168,171,165,170,2019-04-11,-0.58,1456
AKPL,169,177,164,171,2019-04-10,0,2888
AKPL,166,172,165,171,2019-04-09,1.18,745
AKPL,174,177,168,169,2019-04-08,-2.87,3043
AKPL,176,176,170,174,2019-04-07,-2.79,569
AKPL,179,185,176,179,2019-04-04,-1.65,6799
AKPL,178,184,175,182,2019-04-03,0.55,3562
AKPL,181,181,172,181,2019-04-02,-1.63,195
AKPL,181,187,177,184,2019-04-01,0,5844
AKPL,176,184,171,184,2019-03-31,4.55,1698
AKPL,170,176,167,176,2019-03-28,3.53,342
AKPL,169,171,166,170,2019-03-27,0.59,305
AKPL,165,170,165,169,2019-03-26,1.2,835
AKPL,167,169,164,167,2019-03-25,0,801
AKPL,170,170,167,167,2019-03-24,-3.47,519
AKPL,167,173,165,173,2019-03-21,1.76,895
AKPL,172,172,169,170,2019-03-19,-2.86,860
AKPL,179,179,175,175,2019-03-18,-2.78,301
AKPL,181,181,177,180,2019-03-17,1.12,1669
AKPL,176,180,176,178,2019-03-14,0,364
AKPL,191,193,178,178,2019-03-13,-7.77,4298
AKPL,178,190,176,184,2019-03-12,1.66,1249
AKPL,170,184,169,181,2019-03-11,5.23,7392
AKPL,166,172,166,172,2019-03-10,2.99,579
AKPL,166,172,166,172,2019-03-09,2.99,579
AKPL,160,167,158,167,2019-03-07,5.7,1234
AKPL,154,158,153,158,2019-03-06,1.28,1040
AKPL,151,161,151,156,2019-03-05,2.63,1597
AKPL,155,157,152,152,2019-03-03,-1.94,1001
AKPL,153,155,152,155,2019-02-27,1.31,62
AKPL,155,155,152,153,2019-02-26,0.66,378
AKPL,149,152,148,152,2019-02-25,0,557
AKPL,149,157,148,152,2019-02-24,0,1018
AKPL,149,152,149,152,2019-02-21,0,275
AKPL,153,156,149,152,2019-02-20,-2.56,832
AKPL,146,156,146,156,2019-02-19,5.41,2243
AKPL,153,155,148,148,2019-02-18,-4.52,2580
AKPL,160,163,155,155,2019-02-17,-4.91,1367
AKPL,169,169,162,163,2019-02-14,-3.55,2648
AKPL,170,172,166,169,2019-02-13,-1.74,424
AKPL,172,175,172,172,2019-02-12,0,846
AKPL,172,175,171,172,2019-02-11,-1.15,1190
AKPL,176,179,172,174,2019-02-10,-2.79,1035
AKPL,178,179,176,179,2019-02-07,0,372
AKPL,179,182,177,179,2019-02-06,-1.65,539
AKPL,180,183,179,182,2019-02-05,0,485
AKPL,182,183,176,182,2019-02-04,0,728
AKPL,187,187,182,182,2019-02-03,-2.67,1703
AKPL,185,187,184,187,2019-01-31,1.08,694
AKPL,184,185,182,185,2019-01-30,0.54,838
AKPL,185,185,182,184,2019-01-29,-0.54,154
AKPL,180,185,180,185,2019-01-28,2.78,136
AKPL,184,184,178,180,2019-01-27,-2.17,1223
AKPL,185,187,183,184,2019-01-24,-0.54,402
AKPL,185,186,183,185,2019-01-23,0,307
AKPL,186,186,181,185,2019-01-22,-0.54,954
AKPL,190,192,185,186,2019-01-21,-2.11,2765
AKPL,192,192,189,190,2019-01-20,-1.04,282
AKPL,187,193,185,192,2019-01-17,2.67,458
AKPL,194,197,187,187,2019-01-16,-3.61,2662
AKPL,177,194,177,194,2019-01-15,9.6,731
AKPL,185,186,177,177,2019-01-14,-4.32,5506
AKPL,184,185,182,185,2019-01-13,0.54,110
AKPL,187,187,184,184,2019-01-10,-1.6,423
AKPL,184,190,184,187,2019-01-09,1.63,1535
AKPL,184,184,181,184,2019-01-08,0,161
AKPL,183,186,182,184,2019-01-07,0.55,349
AKPL,185,185,182,183,2019-01-06,-1.08,431
AKPL,184,185,183,185,2019-01-03,0.54,273
AKPL,193,193,184,184,2019-01-02,-4.66,689
AKPL,187,193,185,193,2018-12-31,3.21,182
AKPL,192,193,187,187,2018-12-30,-2.6,749
AKPL,197,200,192,192,2018-12-27,-2.54,1853
AKPL,190,196,187,196,2018-12-26,3.16,1584
AKPL,187,190,185,190,2018-12-25,1.6,416
AKPL,196,199,187,187,2018-12-24,-4.59,465
AKPL,187,196,187,196,2018-12-23,4.81,5199
AKPL,186,198,186,188,2018-12-20,1.08,397
AKPL,186,189,183,186,2018-12-19,0,281
AKPL,185,186,183,186,2018-12-18,0.54,711
AKPL,191,191,185,185,2018-12-17,-3.14,2312
AKPL,199,199,191,191,2018-12-16,-4.02,2196
AKPL,195,199,192,199,2018-12-13,2.05,282
AKPL,192,195,191,195,2018-12-12,1.56,183
AKPL,188,192,188,192,2018-12-11,2.13,637
AKPL,187,190,187,188,2018-12-10,0.53,1825
AKPL,190,190,186,187,2018-12-09,-1.58,302
AKPL,187,190,184,190,2018-12-06,1.6,730
AKPL,187,188,185,188,2018-12-04,0.53,654
AKPL,190,192,186,187,2018-12-03,-1.58,388
AKPL,188,190,179,190,2018-12-02,1.06,1432
AKPL,188,191,188,188,2018-11-29,0,655
AKPL,190,190,187,188,2018-11-28,-1.05,1994
AKPL,189,191,187,190,2018-11-27,0.53,1423
AKPL,191,191,189,189,2018-11-26,-1.05,346
AKPL,192,193,190,191,2018-11-25,-0.52,1360
AKPL,193,193,190,192,2018-11-22,-0.52,1229
AKPL,198,198,191,193,2018-11-21,-2.53,1259
AKPL,199,200,194,198,2018-11-20,-0.5,1150
AKPL,212,212,196,199,2018-11-19,-6.13,1462
AKPL,219,219,211,212,2018-11-18,-3.2,252
AKPL,212,219,209,219,2018-11-15,3.3,416
AKPL,212,212,208,212,2018-11-14,0,1275
AKPL,220,220,209,216,2018-11-05,-1.82,1213
AKPL,222,223,215,220,2018-11-04,-2.22,1074
AKPL,227,227,223,225,2018-11-01,-1.75,1912
AKPL,230,233,229,229,2018-10-31,-1.29,2052
AKPL,231,233,230,232,2018-10-30,0.43,756
AKPL,233,235,231,231,2018-10-29,-1.28,997
AKPL,232,236,232,235,2018-10-28,-0.42,1233
AKPL,240,240,233,235,2018-10-25,-3.69,645
AKPL,232,244,226,244,2018-10-23,5.17,1088
AKPL,235,235,231,232,2018-10-22,-0.85,440
AKPL,234,238,232,234,2018-10-21,-1.68,306
AKPL,240,240,238,238,2018-10-15,-0.83,63
AKPL,239,240,235,240,2018-10-14,2.13,145
AKPL,233,240,231,235,2018-10-11,0,1698
AKPL,240,240,235,235,2018-10-10,-3.69,1180
AKPL,248,246,240,244,2018-10-09,0,939
AKPL,244,248,240,244,2018-10-08,0,3025
AKPL,241,244,238,244,2018-10-07,0.83,828
AKPL,242,248,242,242,2018-10-04,0,943
AKPL,246,249,242,242,2018-10-03,-1.63,1286
AKPL,250,254,244,246,2018-10-02,-0.81,687
AKPL,247,254,246,248,2018-10-01,-1.2,653
AKPL,250,255,248,251,2018-09-30,-1.57,1406
AKPL,269,274,250,255,2018-09-27,-5.2,2439
AKPL,264,269,260,263,2018-09-26,1.89,432
AKPL,275,275,264,264,2018-09-25,-2.58,307
AKPL,261,271,256,271,2018-09-23,1.88,891
AKPL,263,275,260,266,2018-09-20,-0.75,9717
AKPL,241,268,241,266,2018-09-18,9.84,2746
AKPL,243,247,241,244,2018-09-17,-1.21,2601
AKPL,245,260,242,247,2018-09-16,1.23,1300
AKPL,243,250,240,244,2018-09-13,0.83,2657
AKPL,241,249,240,242,2018-09-12,-0.82,262
AKPL,250,252,241,244,2018-09-11,-0.81,918
AKPL,240,246,240,246,2018-09-10,2.5,66
AKPL,242,245,234,240,2018-09-09,-2.44,724
AKPL,261,261,246,246,2018-09-06,-3.91,1383
AKPL,243,256,240,256,2018-09-05,5.35,442
AKPL,247,247,241,243,2018-09-04,-3.19,1119
AKPL,242,251,239,251,2018-09-03,4.58,165
AKPL,238,242,235,240,2018-09-02,-0.83,1100
AKPL,235,242,235,242,2018-08-30,1.68,102
AKPL,235,239,226,238,2018-08-29,-0.42,649
AKPL,245,245,232,239,2018-08-28,-1.24,313
AKPL,241,245,239,242,2018-08-26,-1.22,463
AKPL,242,245,242,245,2018-08-23,1.24,43
AKPL,244,245,242,242,2018-08-22,0,52
AKPL,244,246,242,243,2018-08-21,-0.82,683
AKPL,250,250,243,244,2018-08-20,-1.61,817
AKPL,252,252,248,248,2018-08-19,-1.59,736
AKPL,255,267,252,252,2018-08-16,-2.33,1063
AKPL,244,258,244,258,2018-08-15,5.74,3757
AKPL,245,248,243,244,2018-08-14,-0.41,1515
AKPL,250,252,245,246,2018-08-13,-1.61,878
AKPL,248,249,247,249,2018-08-12,-0.8,381
AKPL,252,252,249,251,2018-08-09,0,1613
AKPL,255,255,250,251,2018-08-08,-0.79,658
AKPL,260,260,253,253,2018-08-07,-1.17,1796
AKPL,254,257,249,256,2018-08-06,2.4,1252
AKPL,252,253,250,250,2018-08-05,-1.96,830
AKPL,255,260,252,255,2018-08-02,1.59,1032
AKPL,256,261,250,251,2018-08-01,0,588
AKPL,260,260,247,251,2018-07-31,-1.57,377
AKPL,255,255,252,255,2018-07-30,0.39,192
AKPL,252,254,252,254,2018-07-29,0.79,454
AKPL,255,255,250,252,2018-07-26,-1.56,873
AKPL,255,256,254,256,2018-07-25,-0.78,497
AKPL,257,262,257,258,2018-07-24,0.39,393
AKPL,254,257,253,257,2018-07-23,1.98,896
AKPL,250,255,250,252,2018-07-22,-1.18,220
AKPL,255,258,254,255,2018-07-19,-1.92,1251
AKPL,256,260,256,260,2018-07-18,0,149
AKPL,255,260,255,260,2018-07-17,0,52
AKPL,257,260,255,260,2018-07-16,1.17,415
AKPL,248,257,248,257,2018-07-15,2.8,2540
AKPL,260,260,250,250,2018-07-12,-4.21,1595
AKPL,259,266,258,261,2018-07-11,1.16,933
AKPL,258,269,257,258,2018-07-10,-1.53,1384
AKPL,268,271,260,263,2018-07-09,-2.24,3034
AKPL,274,281,263,268,2018-07-08,-2.19,4705
AKPL,266,274,261,274,2018-07-05,4.98,4198
AKPL,250,266,248,261,2018-07-04,2.35,1428
AKPL,264,264,252,255,2018-07-03,-3.04,1738
AKPL,259,263,251,263,2018-07-02,-0.38,1340
AKPL,260,266,260,264,2018-07-01,-0.38,3222
AKPL,272,272,265,267,2018-06-28,-2.57,3924
AKPL,265,275,265,272,2018-06-27,0.74,963
AKPL,276,276,270,271,2018-06-26,-1.46,1612
AKPL,282,282,270,274,2018-06-25,-2.84,1110
AKPL,287,287,282,282,2018-06-24,-3.42,918
AKPL,277,292,277,292,2018-06-21,3.55,125
AKPL,285,285,282,282,2018-06-20,-1.4,596
AKPL,296,296,285,286,2018-06-19,-1.72,562
AKPL,287,291,281,288,2018-06-18,1.39,603
AKPL,295,300,279,287,2018-06-17,-1.71,756
AKPL,283,305,283,292,2018-06-14,3.18,3089
AKPL,290,290,280,283,2018-06-13,-2.41,523
AKPL,281,290,276,290,2018-06-12,1.4,819
AKPL,285,291,280,286,2018-06-11,-1.38,2101
AKPL,294,298,287,290,2018-06-10,0.35,538
AKPL,289,289,282,289,2018-06-07,-1.7,4339
AKPL,289,304,289,294,2018-06-06,3.52,961
AKPL,288,289,283,284,2018-06-04,-1.39,1133
AKPL,295,295,281,288,2018-06-03,-4,4620
AKPL,305,305,294,300,2018-05-31,-1.32,2706
AKPL,310,316,304,304,2018-05-30,-0.33,628
AKPL,312,312,305,305,2018-05-29,-3.17,3234
AKPL,300,315,295,315,2018-05-28,5,1667
AKPL,302,306,300,300,2018-05-27,-2.6,3135
AKPL,305,310,300,308,2018-05-24,0.98,900
AKPL,309,309,305,305,2018-05-23,-1.29,881
AKPL,308,312,308,309,2018-05-22,-0.64,2102
AKPL,307,312,307,311,2018-05-21,0,840
AKPL,315,321,308,311,2018-05-20,0,2774
AKPL,320,326,310,311,2018-05-17,-0.96,2033
AKPL,312,315,306,314,2018-05-16,0.96,2397
AKPL,320,320,311,311,2018-05-15,-0.96,1279
AKPL,317,317,305,313,2018-05-14,-2.79,1876
AKPL,320,326,314,323,2018-05-10,0.94,3467
AKPL,322,326,315,320,2018-05-09,-0.62,2692
AKPL,315,322,311,322,2018-05-08,3.21,3454
AKPL,314,322,310,312,2018-05-07,-0.64,9012
AKPL,318,321,306,314,2018-05-06,-3.09,2314
AKPL,327,335,321,324,2018-05-03,0.93,5461
AKPL,325,325,314,321,2018-05-02,-1.23,963
AKPL,316,325,310,325,2018-04-29,2.85,7009
AKPL,329,330,314,316,2018-04-26,-5.39,5745
AKPL,327,340,321,334,2018-04-25,0.3,5874
AKPL,337,349,326,333,2018-04-24,-2.91,7518
AKPL,336,349,313,343,2018-04-23,3.94,19600
AKPL,300,330,306,330,2018-04-22,10,16988
AKPL,296,305,286,300,2018-04-19,3.09,17076
AKPL,269,301,269,291,2018-04-18,6.2,7701
AKPL,265,284,264,274,2018-04-17,3.4,5001
AKPL,245,270,245,265,2018-04-16,6,3553
AKPL,249,250,245,250,2018-04-15,0.4,793
AKPL,245,256,245,249,2018-04-12,1.63,1178
AKPL,241,248,237,245,2018-04-11,0,645
AKPL,245,250,242,245,2018-04-10,-2,3483
AKPL,266,271,248,250,2018-04-09,-4.21,6422
AKPL,241,261,241,261,2018-04-08,9.66,3470
AKPL,240,248,236,238,2018-04-05,0.85,1888
AKPL,229,236,229,236,2018-04-04,4.89,1033
AKPL,230,230,225,225,2018-04-03,-0.88,446
AKPL,236,236,225,227,2018-04-02,-2.16,1187
AKPL,231,235,219,232,2018-04-01,-1.28,2310
AKPL,223,235,223,232,2018-03-29,5.38,1353
AKPL,228,228,220,223,2018-03-28,-3.46,951
AKPL,223,231,212,231,2018-03-27,1.76,1880
AKPL,231,231,226,227,2018-03-26,-3.4,1404
AKPL,234,237,230,235,2018-03-22,-1.26,2077
AKPL,237,239,233,238,2018-03-21,-0.83,1483
AKPL,245,246,240,241,2018-03-20,-2.04,2751
AKPL,253,253,244,245,2018-03-19,-5.04,1016
AKPL,253,258,250,258,2018-03-18,0,1337
AKPL,259,259,258,258,2018-03-15,1.57,513
AKPL,249,257,249,254,2018-03-14,0.79,748
AKPL,248,252,248,252,2018-03-13,0.8,435
AKPL,252,251,243,250,2018-03-12,-0.79,1707
AKPL,269,265,250,252,2018-03-11,-6.32,5178
AKPL,256,271,256,269,2018-03-07,3.07,717
AKPL,252,261,251,261,2018-03-06,2.35,5031
AKPL,285,285,261,273,2018-03-04,-5.86,3241
AKPL,300,301,285,290,2018-02-28,-4.61,8975
AKPL,302,310,301,304,2018-02-27,-0.65,2068
AKPL,309,310,305,306,2018-02-26,-2.86,3368
AKPL,312,318,312,316,2018-02-25,-0.63,357
AKPL,313,320,313,318,2018-02-22,-0.31,1253
AKPL,313,319,313,319,2018-02-21,0.31,156
AKPL,329,329,314,318,2018-02-20,-5.07,2435
AKPL,329,335,335,335,2018-02-18,1.82,10
AKPL,333,333,317,329,2018-02-15,0,3802
AKPL,317,329,313,329,2018-02-14,2.17,5369
AKPL,319,322,316,322,2018-02-12,-0.92,2380
AKPL,315,325,315,324,2018-02-11,1.25,2621
AKPL,332,332,317,321,2018-02-08,-2.43,1419
AKPL,315,329,315,329,2018-02-07,3.13,203
AKPL,324,325,319,319,2018-02-06,-2.45,4833
AKPL,330,330,326,328,2018-02-05,-2.1,9369
AKPL,329,337,329,334,2018-02-04,-0.3,2004
AKPL,338,343,331,335,2018-02-01,0,461
AKPL,335,335,332,335,2018-01-31,0.9,1510
AKPL,328,332,328,332,2018-01-29,-0.6,423
AKPL,334,344,328,334,2018-01-28,-1.76,917
AKPL,330,340,330,339,2018-01-25,1.49,1334
AKPL,330,335,329,335,2018-01-24,1.52,732
AKPL,330,337,325,330,2018-01-23,-1.2,1780
AKPL,327,334,327,334,2018-01-22,0.6,1374
AKPL,338,338,331,332,2018-01-21,-0.89,2711
AKPL,335,337,333,336,2018-01-17,-0.59,2038
AKPL,335,340,332,337,2018-01-16,-1.17,991
AKPL,339,341,333,341,2018-01-14,-0.29,1078
AKPL,340,346,337,342,2018-01-10,0.59,828
AKPL,341,345,335,340,2018-01-09,-0.29,1199
AKPL,335,342,335,341,2018-01-08,0.59,235
AKPL,340,344,338,340,2018-01-07,-0.88,1013
AKPL,340,342,338,342,2018-01-04,1.48,1449
AKPL,343,343,333,337,2018-01-03,-1.75,3199
AKPL,340,346,337,343,2018-01-02,0.59,1127
AKPL,335,347,334,341,2018-01-01,1.79,1358
AKPL,335,339,332,335,2017-12-31,-1.76,2374
AKPL,340,341,334,341,2017-12-28,-1.45,961
AKPL,341,346,326,346,2017-12-27,1.47,1892
AKPL,352,352,338,341,2017-12-26,-2.01,3621
AKPL,349,351,346,348,2017-12-24,-0.57,466
AKPL,352,362,346,350,2017-12-21,-1.69,3925
AKPL,352,358,351,356,2017-12-20,-0.56,1458
AKPL,360,360,351,358,2017-12-19,-0.56,3355
AKPL,365,368,359,360,2017-12-18,0,4378
AKPL,354,360,354,360,2017-12-17,0,1060
AKPL,357,370,357,361,2017-12-14,-0.82,187
AKPL,356,367,356,364,2017-12-13,0.55,2390
AKPL,373,373,359,362,2017-12-12,-2.16,2947
AKPL,360,374,355,370,2017-12-11,0.82,1935
AKPL,379,379,365,367,2017-12-10,-1.34,1943
AKPL,355,372,355,372,2017-12-06,4.49,13162
AKPL,351,360,351,356,2017-12-05,-0.56,1846
AKPL,372,372,344,358,2017-12-04,-1.92,6724
AKPL,347,365,344,365,2017-11-30,3.11,5588
AKPL,354,369,353,355,2017-11-29,1.72,9802
AKPL,344,358,344,348,2017-11-28,-0.85,695
AKPL,347,361,336,351,2017-11-27,-0.85,4960
AKPL,353,364,347,354,2017-11-26,0.28,3578
AKPL,343,353,343,353,2017-11-23,2.92,5691
AKPL,351,353,334,343,2017-11-22,-2.28,2724
AKPL,331,351,330,351,2017-11-21,4.46,7667
AKPL,330,338,330,336,2017-11-20,0.3,2051
AKPL,332,340,326,335,2017-11-19,0.9,45210
AKPL,331,343,327,332,2017-11-16,-1.48,2407
AKPL,342,342,332,337,2017-11-15,-2.6,2178
AKPL,340,348,334,346,2017-11-14,1.17,8731
AKPL,327,342,321,342,2017-11-13,4.59,2082
AKPL,326,330,324,327,2017-11-12,0.31,1146
AKPL,320,338,320,326,2017-11-09,1.24,3682
AKPL,330,330,319,322,2017-11-08,-2.42,1927
AKPL,320,330,320,330,2017-11-07,1.23,982
AKPL,325,331,322,326,2017-11-06,0.31,2142
AKPL,321,325,321,325,2017-11-05,-0.61,1982
AKPL,323,331,323,327,2017-11-02,-0.61,1048
AKPL,337,338,328,330,2017-11-01,-1.5,2946
AKPL,332,335,327,334,2017-10-31,0.6,1710
AKPL,335,335,330,332,2017-10-30,-0.89,5677
AKPL,335,346,333,335,2017-10-29,-0.89,1668
AKPL,338,344,335,338,2017-10-25,-1.74,2006
AKPL,342,346,340,344,2017-10-24,0.58,779
AKPL,351,355,340,342,2017-10-23,-2.56,2467
AKPL,335,351,335,344,2017-10-22,6.69,6572
AKPL,322,329,317,329,2017-10-18,0.3,215
AKPL,321,338,321,328,2017-10-17,0.61,1323
AKPL,320,336,320,326,2017-10-16,0.31,389
AKPL,315,325,315,325,2017-10-15,1.56,1226
AKPL,320,324,317,320,2017-10-12,-1.54,4026
AKPL,317,326,317,325,2017-10-11,0.62,277
AKPL,312,323,312,323,2017-10-10,1.57,1247
AKPL,317,319,315,319,2017-10-09,0.31,2361
AKPL,326,326,315,317,2017-10-08,-4.52,1817
AKPL,346,346,330,332,2017-10-04,-2.35,2804
AKPL,340,341,330,340,2017-09-26,0,3344
AKPL,340,343,339,341,2017-09-25,1.49,1680
AKPL,328,337,328,335,2017-09-24,0.6,779
AKPL,330,336,326,333,2017-09-20,-0.89,1664
AKPL,346,346,334,336,2017-09-18,-1.18,1968
AKPL,345,350,340,340,2017-09-17,-0.58,4138
AKPL,324,342,324,342,2017-09-14,3.64,2678
AKPL,327,335,326,330,2017-09-13,0,2061
AKPL,335,339,326,330,2017-09-12,-1.49,3991
AKPL,327,340,326,335,2017-09-11,0.9,2600
AKPL,342,342,330,332,2017-09-10,-4.6,9243
AKPL,346,352,346,348,2017-09-07,-0.57,6831
AKPL,367,365,346,350,2017-09-06,-3.31,5791
AKPL,355,362,345,360,2017-09-04,2.26,5940
AKPL,360,358,350,354,2017-08-31,-1.67,6893
AKPL,362,368,360,361,2017-08-30,-2.17,2199
AKPL,382,391,358,368,2017-08-28,-2.64,6756
AKPL,372,378,350,378,2017-08-27,1.61,9008
AKPL,357,372,351,372,2017-08-24,4.2,4775
AKPL,353,362,353,357,2017-08-23,-0.83,10457
AKPL,359,380,352,359,2017-08-22,-1.64,2835
AKPL,356,366,350,366,2017-08-21,1.1,6837
AKPL,370,370,356,362,2017-08-20,-1.63,5245
AKPL,368,375,364,368,2017-08-17,-1.87,13588
AKPL,370,387,370,375,2017-08-16,2.18,5715
AKPL,387,387,367,367,2017-08-15,-3.67,5051
AKPL,400,400,376,381,2017-08-13,-3.05,5335
AKPL,392,400,392,393,2017-08-10,-1.75,8529
AKPL,405,405,397,400,2017-08-09,-1.48,11476
AKPL,410,410,405,406,2017-08-07,-0.25,3067
AKPL,402,411,402,407,2017-08-06,-0.73,3548
AKPL,411,418,404,410,2017-08-03,-0.24,3902
AKPL,416,416,408,411,2017-08-02,-2.14,4182
AKPL,410,420,404,420,2017-08-01,0.48,6928
AKPL,400,423,400,418,2017-07-31,2.7,8062
AKPL,419,418,407,408,2017-07-30,-1.21,11606
AKPL,412,414,409,412,2017-07-27,-0.72,3964
AKPL,415,416,410,415,2017-07-26,0.97,6045
AKPL,404,423,404,411,2017-07-25,-0.24,3866
AKPL,413,423,411,412,2017-07-24,-0.96,9148
AKPL,411,425,411,416,2017-07-23,-0.24,5856
AKPL,420,422,415,417,2017-07-20,0,5106
AKPL,435,435,417,417,2017-07-19,-3.92,10705
AKPL,420,441,405,434,2017-07-18,5.34,9889
AKPL,407,416,407,412,2017-07-17,-0.72,7175
AKPL,401,415,401,415,2017-07-16,1.47,5459
AKPL,405,413,405,409,2017-07-13,-0.24,2146
AKPL,410,414,410,412,2017-07-12,-1.68,3492
AKPL,415,417,408,417,2017-07-11,0.48,4924
AKPL,425,425,401,415,2017-07-10,-2.35,32236
AKPL,425,430,408,425,2017-07-09,0,5553
AKPL,409,425,409,425,2017-07-06,1.92,1898
AKPL,406,417,405,417,2017-07-05,1.96,3711
AKPL,400,412,400,409,2017-07-04,0.74,1815
AKPL,408,418,405,406,2017-07-03,-0.98,5055
AKPL,419,420,405,410,2017-07-02,-2.61,3952
AKPL,421,425,417,421,2017-06-28,-1.86,1161
AKPL,439,439,427,429,2017-06-27,-2.05,2938
AKPL,418,439,418,437,2017-06-25,4.78,5526
AKPL,420,420,415,418,2017-06-22,0.48,2909
AKPL,410,416,406,416,2017-06-21,0.97,8927
AKPL,400,421,400,412,2017-06-20,1.73,4359
AKPL,413,418,405,405,2017-06-19,-3.11,4938
AKPL,434,435,415,418,2017-06-18,-3.69,2107
AKPL,423,434,417,434,2017-06-15,0.93,6410
AKPL,415,430,415,430,2017-06-14,1.9,4893
AKPL,416,430,416,422,2017-06-13,0,7280
AKPL,422,435,416,422,2017-06-12,-1.86,10653
AKPL,445,445,429,430,2017-06-11,-4.02,13870
AKPL,449,449,437,447,2017-06-08,0.22,9330
AKPL,448,455,446,447,2017-06-07,-2.19,11678
AKPL,441,463,441,457,2017-06-06,1.56,5992
AKPL,445,455,443,450,2017-06-05,0,5406
AKPL,452,459,444,450,2017-06-04,-2.17,8662
AKPL,460,462,454,460,2017-06-01,0,7009
AKPL,460,469,451,460,2017-05-31,0,8876
AKPL,462,469,450,460,2017-05-30,-1.5,11667
AKPL,475,475,461,467,2017-05-28,-0.64,7736
AKPL,468,482,460,470,2017-05-24,0.43,9904
AKPL,465,483,465,468,2017-05-23,-0.85,11209
AKPL,475,479,460,472,2017-05-22,-2.48,8730
AKPL,481,485,465,484,2017-05-21,-1.22,11480
AKPL,481,493,473,490,2017-05-18,1.87,25777
AKPL,472,484,472,480,2017-05-17,0.21,14404
AKPL,472,485,472,480,2017-05-16,0.63,12819
AKPL,485,493,475,477,2017-05-15,-1.65,20965
AKPL,470,503,466,485,2017-05-11,3.85,53131
AKPL,444,474,441,467,2017-05-09,5.18,48134
AKPL,432,448,432,444,2017-05-08,1.14,24419
AKPL,450,450,437,439,2017-05-07,-1.79,29759
AKPL,438,450,435,447,2017-05-04,2.05,51497
AKPL,452,457,436,438,2017-05-03,-1.35,24825
AKPL,445,455,434,444,2017-05-02,-0.22,30617
AKPL,460,460,438,445,2017-04-30,-3.47,52492
AKPL,433,469,425,461,2017-04-27,4.54,45822
AKPL,403,448,403,441,2017-04-26,8.09,35032
AKPL,394,418,393,408,2017-04-25,1.49,39076
AKPL,403,408,385,402,2017-04-24,-2.19,53027
AKPL,400,432,383,411,2017-04-23,4.33,99212
AKPL,358,393,365,393,2017-04-19,9.78,10034
AKPL,332,358,332,358,2017-04-18,9.82,31151
AKPL,297,326,297,326,2017-04-16,0,9361
